Month,Predicted Rainfall (mm)
Jan,38.70741000000002
Feb,61.4390799999999
Mar,100.82693999999998
Apr,101.94648999999994
May,35.719050000000095
Jun,35.93256000000005
Jul,111.55016999999998
Aug,112.35708999999996
Sep,49.15210000000004
Oct,25.49199999999998
Nov,14.281929999999981
Dec,6.870299999999999
